season,league,team,strength_of_schedule,playoffs,corrected_team
2021,NBA,Chicago Bulls,-0.05,False,Chicago Bulls
2021,NBA,Charlotte Hornets,-0.01,False,Charlotte Hornets
2021,NBA,Cleveland Cavaliers,0.25,False,Cleveland Cavaliers
2021,NBA,Detroit Pistons,0.09,False,Detroit Pistons
2021,NBA,Golden State Warriors,0.04,False,Golden State Warriors
2021,NBA,Houston Rockets,0.4,False,Houston Rockets
2021,NBA,Indiana Pacers,-0.08,False,Indiana Pacers
2021,NBA,Minnesota Timberwolves,0.31,False,Minnesota Timberwolves
2021,NBA,New Orleans Pelicans,0.1,False,New Orleans Pelicans
2021,NBA,Oklahoma City Thunder,0.51,False,Oklahoma City Thunder
2021,NBA,Orlando Magic,0.29,False,Orlando Magic
2021,NBA,Sacramento Kings,0.23,False,Sacramento Kings
2021,NBA,San Antonio Spurs,0.15,False,San Antonio Spurs
2021,NBA,Toronto Raptors,-0.07,False,Toronto Raptors
2021,NBA,Utah Jazz,-0.29,False,Utah Jazz
2021,NBA,Los Angeles Clippers,-0.16,False,Los Angeles Clippers
2021,NBA,Phoenix Suns,-0.15,False,Phoenix Suns
2021,NBA,Milwaukee Bucks,-0.32,False,Milwaukee Bucks
2021,NBA,Philadelphia 76ers,-0.31,False,Philadelphia 76ers
2021,NBA,Denver Nuggets,-0.11,False,Denver Nuggets
2021,NBA,Brooklyn Nets,-0.27,False,Brooklyn Nets
2021,NBA,Los Angeles Lakers,-0.03,False,Los Angeles Lakers
2021,NBA,Dallas Mavericks,-0.01,False,Dallas Mavericks
2021,NBA,Atlanta Hawks,-0.18,False,Atlanta Hawks
2021,NBA,New York Knicks,-0.18,False,New York Knicks
2021,NBA,Portland Trail Blazers,0.01,False,Portland Trail Blazers
2021,NBA,Boston Celtics,-0.14,False,Boston Celtics
2021,NBA,Memphis Grizzlies,0.04,False,Memphis Grizzlies
2021,NBA,Miami Heat,-0.09,False,Miami Heat
2021,NBA,Washington Wizards,-0.01,False,Washington Wizards
2020,NBA,Atlanta Hawks,0.27,False,Atlanta Hawks
2020,NBA,Boston Celtics,-0.47,True,Boston Celtics
2020,NBA,Brooklyn Nets,-0.44,True,Brooklyn Nets
2020,NBA,Chicago Bulls,-0.93,False,Chicago Bulls
2020,NBA,Charlotte Hornets,-0.28,False,Charlotte Hornets
2020,NBA,Cleveland Cavaliers,0.12,False,Cleveland Cavaliers
2020,NBA,Dallas Mavericks,-0.07,True,Dallas Mavericks
2020,NBA,Denver Nuggets,0.24,True,Denver Nuggets
2020,NBA,Detroit Pistons,-0.82,False,Detroit Pistons
2020,NBA,Golden State Warriors,0.59,False,Golden State Warriors
2020,NBA,Houston Rockets,0.17,True,Houston Rockets
2020,NBA,Indiana Pacers,-0.33,True,Indiana Pacers
2020,NBA,Los Angeles Clippers,0.21,True,Los Angeles Clippers
2020,NBA,Los Angeles Lakers,0.49,True,Los Angeles Lakers
2020,NBA,Memphis Grizzlies,0.16,False,Memphis Grizzlies
2020,NBA,Miami Heat,-0.35,True,Miami Heat
2020,NBA,Milwaukee Bucks,-0.67,True,Milwaukee Bucks
2020,NBA,Minnesota Timberwolves,0.28,False,Minnesota Timberwolves
2020,NBA,New Orleans Pelicans,0.74,False,New Orleans Pelicans
2020,NBA,New York Knicks,-0.26,False,New York Knicks
2020,NBA,Oklahoma City Thunder,0.34,True,Oklahoma City Thunder
2020,NBA,Orlando Magic,0.09,True,Orlando Magic
2020,NBA,Philadelphia 76ers,-0.13,True,Philadelphia 76ers
2020,NBA,Phoenix Suns,0.35,False,Phoenix Suns
2020,NBA,Portland Trail Blazers,0.54,True,Portland Trail Blazers
2020,NBA,Sacramento Kings,0.46,False,Sacramento Kings
2020,NBA,San Antonio Spurs,0.46,False,San Antonio Spurs
2020,NBA,Toronto Raptors,-0.26,True,Toronto Raptors
2020,NBA,Utah Jazz,0.05,True,Utah Jazz
2020,NBA,Washington Wizards,-0.57,False,Washington Wizards
2019,NBA,Atlanta Hawks,-0.04,False,Atlanta Hawks
2019,NBA,Boston Celtics,-0.54,True,Boston Celtics
2019,NBA,Brooklyn Nets,-0.33,True,Brooklyn Nets
2019,NBA,Chicago Bulls,0.1,False,Chicago Bulls
2019,NBA,Charlotte Hornets,-0.22,False,Charlotte Hornets
2019,NBA,Cleveland Cavaliers,0.22,False,Cleveland Cavaliers
2019,NBA,Dallas Mavericks,0.42,False,Dallas Mavericks
2019,NBA,Denver Nuggets,0.24,True,Denver Nuggets
2019,NBA,Detroit Pistons,-0.31,True,Detroit Pistons
2019,NBA,Golden State Warriors,-0.04,True,Golden State Warriors
2019,NBA,Houston Rockets,0.19,True,Houston Rockets
2019,NBA,Indiana Pacers,-0.57,True,Indiana Pacers
2019,NBA,Los Angeles Clippers,0.23,True,Los Angeles Clippers
2019,NBA,Los Angeles Lakers,0.39,False,Los Angeles Lakers
2019,NBA,Memphis Grizzlies,0.51,False,Memphis Grizzlies
2019,NBA,Miami Heat,-0.22,False,Miami Heat
2019,NBA,Milwaukee Bucks,-0.82,True,Milwaukee Bucks
2019,NBA,Minnesota Timberwolves,0.48,False,Minnesota Timberwolves
2019,NBA,New Orleans Pelicans,0.23,False,New Orleans Pelicans
2019,NBA,New York Knicks,0.28,False,New York Knicks
2019,NBA,Oklahoma City Thunder,0.15,True,Oklahoma City Thunder
2019,NBA,Orlando Magic,-0.43,True,Orlando Magic
2019,NBA,Philadelphia 76ers,-0.44,True,Philadelphia 76ers
2019,NBA,Phoenix Suns,0.73,False,Phoenix Suns
2019,NBA,Portland Trail Blazers,0.24,True,Portland Trail Blazers
2019,NBA,Sacramento Kings,0.31,False,Sacramento Kings
2019,NBA,San Antonio Spurs,0.12,True,San Antonio Spurs
2019,NBA,Toronto Raptors,-0.6,True,Toronto Raptors
2019,NBA,Utah Jazz,0.03,True,Utah Jazz
2019,NBA,Washington Wizards,-0.4,False,Washington Wizards
2018,NBA,Atlanta Hawks,0.15,False,Atlanta Hawks
2018,NBA,Boston Celtics,-0.35,True,Boston Celtics
2018,NBA,Brooklyn Nets,0.07,False,Brooklyn Nets
2018,NBA,Chicago Bulls,0.2,False,Chicago Bulls
2018,NBA,Charlotte Hornets,-0.19,False,Charlotte Hornets
2018,NBA,Cleveland Cavaliers,-0.35,True,Cleveland Cavaliers
2018,NBA,Dallas Mavericks,0.34,False,Dallas Mavericks
2018,NBA,Denver Nuggets,0.09,False,Denver Nuggets
2018,NBA,Detroit Pistons,-0.11,False,Detroit Pistons
2018,NBA,Golden State Warriors,-0.19,True,Golden State Warriors
2018,NBA,Houston Rockets,-0.27,True,Houston Rockets
2018,NBA,Indiana Pacers,-0.2,True,Indiana Pacers
2018,NBA,Los Angeles Clippers,0.11,False,Los Angeles Clippers
2018,NBA,Los Angeles Lakers,0.11,False,Los Angeles Lakers
2018,NBA,Memphis Grizzlies,0.39,False,Memphis Grizzlies
2018,NBA,Miami Heat,-0.33,True,Miami Heat
2018,NBA,Milwaukee Bucks,-0.15,True,Milwaukee Bucks
2018,NBA,Minnesota Timberwolves,0.12,True,Minnesota Timberwolves
2018,NBA,New Orleans Pelicans,0.18,True,New Orleans Pelicans
2018,NBA,New York Knicks,0.03,False,New York Knicks
2018,NBA,Oklahoma City Thunder,0.0,True,Oklahoma City Thunder
2018,NBA,Orlando Magic,-0.1,False,Orlando Magic
2018,NBA,Philadelphia 76ers,-0.2,True,Philadelphia 76ers
2018,NBA,Phoenix Suns,0.57,False,Phoenix Suns
2018,NBA,Portland Trail Blazers,0.0,True,Portland Trail Blazers
2018,NBA,Sacramento Kings,0.39,False,Sacramento Kings
2018,NBA,San Antonio Spurs,0.0,True,San Antonio Spurs
2018,NBA,Toronto Raptors,-0.49,True,Toronto Raptors
2018,NBA,Utah Jazz,0.17,True,Utah Jazz
2018,NBA,Washington Wizards,-0.06,True,Washington Wizards
2017,NBA,Atlanta Hawks,-0.38,True,Atlanta Hawks
2017,NBA,Boston Celtics,-0.39,True,Boston Celtics
2017,NBA,Brooklyn Nets,-0.01,False,Brooklyn Nets
2017,NBA,Chicago Bulls,-0.39,True,Chicago Bulls
2017,NBA,Charlotte Hornets,-0.26,False,Charlotte Hornets
2017,NBA,Cleveland Cavaliers,-0.31,True,Cleveland Cavaliers
2017,NBA,Dallas Mavericks,0.4,False,Dallas Mavericks
2017,NBA,Denver Nuggets,0.19,False,Denver Nuggets
2017,NBA,Detroit Pistons,-0.17,False,Detroit Pistons
2017,NBA,Golden State Warriors,-0.28,True,Golden State Warriors
2017,NBA,Houston Rockets,0.08,True,Houston Rockets
2017,NBA,Indiana Pacers,-0.42,True,Indiana Pacers
2017,NBA,Los Angeles Clippers,0.13,True,Los Angeles Clippers
2017,NBA,Los Angeles Lakers,0.58,False,Los Angeles Lakers
2017,NBA,Memphis Grizzlies,0.47,True,Memphis Grizzlies
2017,NBA,Miami Heat,-0.29,False,Miami Heat
2017,NBA,Milwaukee Bucks,-0.26,True,Milwaukee Bucks
2017,NBA,Minnesota Timberwolves,0.47,False,Minnesota Timberwolves
2017,NBA,New Orleans Pelicans,0.41,False,New Orleans Pelicans
2017,NBA,New York Knicks,-0.2,False,New York Knicks
2017,NBA,Oklahoma City Thunder,0.39,True,Oklahoma City Thunder
2017,NBA,Orlando Magic,-0.04,False,Orlando Magic
2017,NBA,Philadelphia 76ers,-0.14,False,Philadelphia 76ers
2017,NBA,Phoenix Suns,0.49,False,Phoenix Suns
2017,NBA,Portland Trail Blazers,0.3,True,Portland Trail Blazers
2017,NBA,Sacramento Kings,0.58,False,Sacramento Kings
2017,NBA,San Antonio Spurs,-0.06,True,San Antonio Spurs
2017,NBA,Toronto Raptors,-0.56,True,Toronto Raptors
2017,NBA,Utah Jazz,0.06,True,Utah Jazz
2017,NBA,Washington Wizards,-0.45,True,Washington Wizards
2016,NBA,Atlanta Hawks,-0.12,True,Atlanta Hawks
2016,NBA,Boston Celtics,-0.37,True,Boston Celtics
2016,NBA,Brooklyn Nets,0.24,False,Brooklyn Nets
2016,NBA,Chicago Bulls,0.01,False,Chicago Bulls
2016,NBA,Charlotte Hornets,-0.36,True,Charlotte Hornets
2016,NBA,Cleveland Cavaliers,-0.55,True,Cleveland Cavaliers
2016,NBA,Dallas Mavericks,0.29,True,Dallas Mavericks
2016,NBA,Denver Nuggets,0.29,False,Denver Nuggets
2016,NBA,Detroit Pistons,-0.18,True,Detroit Pistons
2016,NBA,Golden State Warriors,-0.38,True,Golden State Warriors
2016,NBA,Houston Rockets,0.14,True,Houston Rockets
2016,NBA,Indiana Pacers,-0.09,True,Indiana Pacers
2016,NBA,Los Angeles Clippers,-0.15,True,Los Angeles Clippers
2016,NBA,Los Angeles Lakers,0.64,False,Los Angeles Lakers
2016,NBA,Memphis Grizzlies,0.11,True,Memphis Grizzlies
2016,NBA,Miami Heat,-0.14,True,Miami Heat
2016,NBA,Milwaukee Bucks,0.2,False,Milwaukee Bucks
2016,NBA,Minnesota Timberwolves,0.15,False,Minnesota Timberwolves
2016,NBA,New Orleans Pelicans,0.24,False,New Orleans Pelicans
2016,NBA,New York Knicks,0.0,False,New York Knicks
2016,NBA,Oklahoma City Thunder,-0.19,True,Oklahoma City Thunder
2016,NBA,Orlando Magic,-0.06,False,Orlando Magic
2016,NBA,Philadelphia 76ers,0.31,False,Philadelphia 76ers
2016,NBA,Phoenix Suns,0.34,False,Phoenix Suns
2016,NBA,Portland Trail Blazers,0.15,True,Portland Trail Blazers
2016,NBA,Sacramento Kings,0.16,False,Sacramento Kings
2016,NBA,San Antonio Spurs,-0.36,True,San Antonio Spurs
2016,NBA,Toronto Raptors,-0.42,True,Toronto Raptors
2016,NBA,Utah Jazz,0.05,False,Utah Jazz
2016,NBA,Washington Wizards,0.0,False,Washington Wizards
2015,NBA,Atlanta Hawks,-0.68,True,Atlanta Hawks
2015,NBA,Boston Celtics,-0.56,True,Boston Celtics
2015,NBA,Brooklyn Nets,-0.25,True,Brooklyn Nets
2015,NBA,Chicago Bulls,-0.46,True,Chicago Bulls
2015,NBA,Charlotte Hornets,-0.27,False,Charlotte Hornets
2015,NBA,Cleveland Cavaliers,-0.4,True,Cleveland Cavaliers
2015,NBA,Dallas Mavericks,0.46,True,Dallas Mavericks
2015,NBA,Denver Nuggets,0.48,False,Denver Nuggets
2015,NBA,Detroit Pistons,-0.39,False,Detroit Pistons
2015,NBA,Golden State Warriors,-0.09,True,Golden State Warriors
2015,NBA,Houston Rockets,0.38,True,Houston Rockets
2015,NBA,Indiana Pacers,-0.51,False,Indiana Pacers
2015,NBA,Los Angeles Clippers,0.22,True,Los Angeles Clippers
2015,NBA,Los Angeles Lakers,0.67,False,Los Angeles Lakers
2015,NBA,Memphis Grizzlies,0.38,True,Memphis Grizzlies
2015,NBA,Miami Heat,-0.32,False,Miami Heat
2015,NBA,Milwaukee Bucks,-0.52,True,Milwaukee Bucks
2015,NBA,Minnesota Timberwolves,0.79,False,Minnesota Timberwolves
2015,NBA,New Orleans Pelicans,0.34,True,New Orleans Pelicans
2015,NBA,New York Knicks,-0.18,False,New York Knicks
2015,NBA,Oklahoma City Thunder,0.28,False,Oklahoma City Thunder
2015,NBA,Orlando Magic,-0.15,False,Orlando Magic
2015,NBA,Philadelphia 76ers,-0.07,False,Philadelphia 76ers
2015,NBA,Phoenix Suns,0.52,False,Phoenix Suns
2015,NBA,Portland Trail Blazers,0.18,True,Portland Trail Blazers
2015,NBA,Sacramento Kings,0.64,False,Sacramento Kings
2015,NBA,San Antonio Spurs,0.14,True,San Antonio Spurs
2015,NBA,Toronto Raptors,-0.62,True,Toronto Raptors
2015,NBA,Utah Jazz,0.49,False,Utah Jazz
2015,NBA,Washington Wizards,-0.55,True,Washington Wizards
2014,NBA,Atlanta Hawks,-0.4,True,Atlanta Hawks
2014,NBA,Boston Celtics,-0.51,False,Boston Celtics
2014,NBA,Brooklyn Nets,-0.58,True,Brooklyn Nets
2014,NBA,Charlotte Bobcats,-0.67,True,Charlotte Bobcats
2014,NBA,Chicago Bulls,-0.66,True,Chicago Bulls
2014,NBA,Cleveland Cavaliers,-0.57,False,Cleveland Cavaliers
2014,NBA,Dallas Mavericks,0.5,True,Dallas Mavericks
2014,NBA,Denver Nuggets,0.75,False,Denver Nuggets
2014,NBA,Detroit Pistons,-0.48,False,Detroit Pistons
2014,NBA,Golden State Warriors,0.34,True,Golden State Warriors
2014,NBA,Houston Rockets,0.5,True,Houston Rockets
2014,NBA,Indiana Pacers,-0.77,True,Indiana Pacers
2014,NBA,Los Angeles Clippers,0.3,True,Los Angeles Clippers
2014,NBA,Los Angeles Lakers,0.96,False,Los Angeles Lakers
2014,NBA,Memphis Grizzlies,0.61,True,Memphis Grizzlies
2014,NBA,Miami Heat,-0.61,True,Miami Heat
2014,NBA,Milwaukee Bucks,-0.23,False,Milwaukee Bucks
2014,NBA,Minnesota Timberwolves,0.43,False,Minnesota Timberwolves
2014,NBA,New Orleans Pelicans,0.73,False,New Orleans Pelicans
2014,NBA,New York Knicks,-0.61,False,New York Knicks
2014,NBA,Oklahoma City Thunder,0.32,True,Oklahoma City Thunder
2014,NBA,Orlando Magic,-0.44,False,Orlando Magic
2014,NBA,Philadelphia 76ers,-0.21,False,Philadelphia 76ers
2014,NBA,Phoenix Suns,0.39,False,Phoenix Suns
2014,NBA,Portland Trail Blazers,0.45,True,Portland Trail Blazers
2014,NBA,Sacramento Kings,0.82,False,Sacramento Kings
2014,NBA,San Antonio Spurs,0.28,True,San Antonio Spurs
2014,NBA,Toronto Raptors,-0.69,True,Toronto Raptors
2014,NBA,Utah Jazz,0.91,False,Utah Jazz
2014,NBA,Washington Wizards,-0.79,True,Washington Wizards
2013,NBA,Atlanta Hawks,-0.48,True,Atlanta Hawks
2013,NBA,Boston Celtics,-0.4,True,Boston Celtics
2013,NBA,Brooklyn Nets,-0.53,True,Brooklyn Nets
2013,NBA,Charlotte Bobcats,-0.06,False,Charlotte Bobcats
2013,NBA,Chicago Bulls,-0.33,True,Chicago Bulls
2013,NBA,Cleveland Cavaliers,-0.19,False,Cleveland Cavaliers
2013,NBA,Dallas Mavericks,0.36,False,Dallas Mavericks
2013,NBA,Denver Nuggets,0.28,True,Denver Nuggets
2013,NBA,Detroit Pistons,-0.34,False,Detroit Pistons
2013,NBA,Golden State Warriors,0.42,True,Golden State Warriors
2013,NBA,Houston Rockets,0.22,True,Houston Rockets
2013,NBA,Indiana Pacers,-0.69,True,Indiana Pacers
2013,NBA,Los Angeles Clippers,-0.02,True,Los Angeles Clippers
2013,NBA,Los Angeles Lakers,0.32,True,Los Angeles Lakers
2013,NBA,Memphis Grizzlies,0.18,True,Memphis Grizzlies
2013,NBA,Miami Heat,-0.84,True,Miami Heat
2013,NBA,Milwaukee Bucks,-0.33,True,Milwaukee Bucks
2013,NBA,Minnesota Timberwolves,0.54,False,Minnesota Timberwolves
2013,NBA,New Orleans Hornets,0.75,False,New Orleans Hornets
2013,NBA,New York Knicks,-0.5,True,New York Knicks
2013,NBA,Oklahoma City Thunder,-0.06,True,Oklahoma City Thunder
2013,NBA,Orlando Magic,-0.14,False,Orlando Magic
2013,NBA,Philadelphia 76ers,-0.17,False,Philadelphia 76ers
2013,NBA,Phoenix Suns,0.71,False,Phoenix Suns
2013,NBA,Portland Trail Blazers,0.65,False,Portland Trail Blazers
2013,NBA,Sacramento Kings,0.62,False,Sacramento Kings
2013,NBA,San Antonio Spurs,0.27,True,San Antonio Spurs
2013,NBA,Toronto Raptors,-0.48,False,Toronto Raptors
2013,NBA,Utah Jazz,0.38,False,Utah Jazz
2013,NBA,Washington Wizards,-0.25,False,Washington Wizards
2012,NBA,Atlanta Hawks,-0.77,True,Atlanta Hawks
2012,NBA,Boston Celtics,-0.26,True,Boston Celtics
2012,NBA,Charlotte Bobcats,-0.05,False,Charlotte Bobcats
2012,NBA,Chicago Bulls,-0.76,True,Chicago Bulls
2012,NBA,Cleveland Cavaliers,-0.14,False,Cleveland Cavaliers
2012,NBA,Dallas Mavericks,0.83,True,Dallas Mavericks
2012,NBA,Denver Nuggets,0.29,True,Denver Nuggets
2012,NBA,Detroit Pistons,-0.4,False,Detroit Pistons
2012,NBA,Golden State Warriors,0.62,False,Golden State Warriors
2012,NBA,Houston Rockets,0.35,False,Houston Rockets
2012,NBA,Indiana Pacers,-0.71,True,Indiana Pacers
2012,NBA,Los Angeles Clippers,0.26,True,Los Angeles Clippers
2012,NBA,Los Angeles Lakers,0.54,True,Los Angeles Lakers
2012,NBA,Memphis Grizzlies,0.42,True,Memphis Grizzlies
2012,NBA,Miami Heat,-0.27,True,Miami Heat
2012,NBA,Milwaukee Bucks,-0.5,False,Milwaukee Bucks
2012,NBA,Minnesota Timberwolves,0.37,False,Minnesota Timberwolves
2012,NBA,New Jersey Nets,-0.39,False,New Jersey Nets
2012,NBA,New Orleans Hornets,0.65,False,New Orleans Hornets
2012,NBA,New York Knicks,-0.81,True,New York Knicks
2012,NBA,Oklahoma City Thunder,0.32,True,Oklahoma City Thunder
2012,NBA,Orlando Magic,-0.33,True,Orlando Magic
2012,NBA,Philadelphia 76ers,-0.65,True,Philadelphia 76ers
2012,NBA,Phoenix Suns,0.53,False,Phoenix Suns
2012,NBA,Portland Trail Blazers,0.41,False,Portland Trail Blazers
2012,NBA,Sacramento Kings,0.73,False,Sacramento Kings
2012,NBA,San Antonio Spurs,0.11,True,San Antonio Spurs
2012,NBA,Toronto Raptors,-0.36,False,Toronto Raptors
2012,NBA,Utah Jazz,0.3,True,Utah Jazz
2012,NBA,Washington Wizards,-0.34,False,Washington Wizards
2011,NBA,Atlanta Hawks,-0.28,True,Atlanta Hawks
2011,NBA,Boston Celtics,-0.54,True,Boston Celtics
2011,NBA,Charlotte Bobcats,-0.08,False,Charlotte Bobcats
2011,NBA,Chicago Bulls,-0.79,True,Chicago Bulls
2011,NBA,Cleveland Cavaliers,0.14,False,Cleveland Cavaliers
2011,NBA,Dallas Mavericks,0.18,True,Dallas Mavericks
2011,NBA,Denver Nuggets,0.05,True,Denver Nuggets
2011,NBA,Detroit Pistons,-0.18,False,Detroit Pistons
2011,NBA,Golden State Warriors,0.33,False,Golden State Warriors
2011,NBA,Houston Rockets,0.19,False,Houston Rockets
2011,NBA,Indiana Pacers,-0.3,True,Indiana Pacers
2011,NBA,Los Angeles Clippers,0.42,False,Los Angeles Clippers
2011,NBA,Los Angeles Lakers,-0.1,True,Los Angeles Lakers
2011,NBA,Memphis Grizzlies,0.2,True,Memphis Grizzlies
2011,NBA,Miami Heat,-0.71,True,Miami Heat
2011,NBA,Milwaukee Bucks,-0.17,False,Milwaukee Bucks
2011,NBA,Minnesota Timberwolves,0.67,False,Minnesota Timberwolves
2011,NBA,New Jersey Nets,-0.04,False,New Jersey Nets
2011,NBA,New Orleans Hornets,0.39,True,New Orleans Hornets
2011,NBA,New York Knicks,-0.3,True,New York Knicks
2011,NBA,Oklahoma City Thunder,0.02,True,Oklahoma City Thunder
2011,NBA,Orlando Magic,-0.54,True,Orlando Magic
2011,NBA,Philadelphia 76ers,-0.5,True,Philadelphia 76ers
2011,NBA,Phoenix Suns,0.43,False,Phoenix Suns
2011,NBA,Portland Trail Blazers,0.32,True,Portland Trail Blazers
2011,NBA,Sacramento Kings,0.54,False,Sacramento Kings
2011,NBA,San Antonio Spurs,0.16,True,San Antonio Spurs
2011,NBA,Toronto Raptors,0.01,False,Toronto Raptors
2011,NBA,Utah Jazz,0.39,False,Utah Jazz
2011,NBA,Washington Wizards,0.11,False,Washington Wizards
2010,NBA,Atlanta Hawks,-0.22,True,Atlanta Hawks
2010,NBA,Boston Celtics,-0.29,True,Boston Celtics
2010,NBA,Charlotte Bobcats,-0.17,True,Charlotte Bobcats
2010,NBA,Chicago Bulls,0.0,True,Chicago Bulls
2010,NBA,Cleveland Cavaliers,-0.36,True,Cleveland Cavaliers
2010,NBA,Dallas Mavericks,-0.06,True,Dallas Mavericks
2010,NBA,Denver Nuggets,0.06,True,Denver Nuggets
2010,NBA,Detroit Pistons,0.09,False,Detroit Pistons
2010,NBA,Golden State Warriors,0.32,False,Golden State Warriors
2010,NBA,Houston Rockets,0.35,False,Houston Rockets
2010,NBA,Indiana Pacers,-0.1,False,Indiana Pacers
2010,NBA,Los Angeles Clippers,0.34,False,Los Angeles Clippers
2010,NBA,Los Angeles Lakers,0.06,True,Los Angeles Lakers
2010,NBA,Memphis Grizzlies,0.13,False,Memphis Grizzlies
2010,NBA,Miami Heat,-0.29,True,Miami Heat
2010,NBA,Milwaukee Bucks,-0.32,True,Milwaukee Bucks
2010,NBA,Minnesota Timberwolves,0.54,False,Minnesota Timberwolves
2010,NBA,New Jersey Nets,0.19,False,New Jersey Nets
2010,NBA,New Orleans Hornets,0.19,False,New Orleans Hornets
2010,NBA,New York Knicks,-0.19,False,New York Knicks
2010,NBA,Oklahoma City Thunder,0.06,True,Oklahoma City Thunder
2010,NBA,Orlando Magic,-0.37,True,Orlando Magic
2010,NBA,Philadelphia 76ers,-0.03,False,Philadelphia 76ers
2010,NBA,Phoenix Suns,-0.23,True,Phoenix Suns
2010,NBA,Portland Trail Blazers,-0.13,True,Portland Trail Blazers
2010,NBA,Sacramento Kings,0.3,False,Sacramento Kings
2010,NBA,San Antonio Spurs,-0.02,True,San Antonio Spurs
2010,NBA,Toronto Raptors,-0.05,False,Toronto Raptors
2010,NBA,Utah Jazz,-0.01,True,Utah Jazz
2010,NBA,Washington Wizards,0.06,False,Washington Wizards
2009,NBA,Atlanta Hawks,0.13,True,Atlanta Hawks
2009,NBA,Boston Celtics,-0.07,True,Boston Celtics
2009,NBA,Charlotte Bobcats,0.07,False,Charlotte Bobcats
2009,NBA,Chicago Bulls,0.12,True,Chicago Bulls
2009,NBA,Cleveland Cavaliers,-0.25,True,Cleveland Cavaliers
2009,NBA,Dallas Mavericks,-0.3,True,Dallas Mavericks
2009,NBA,Denver Nuggets,-0.29,True,Denver Nuggets
2009,NBA,Detroit Pistons,0.13,True,Detroit Pistons
2009,NBA,Golden State Warriors,-0.06,False,Golden State Warriors
2009,NBA,Houston Rockets,-0.27,True,Houston Rockets
2009,NBA,Indiana Pacers,0.35,False,Indiana Pacers
2009,NBA,Los Angeles Clippers,0.3,False,Los Angeles Clippers
2009,NBA,Los Angeles Lakers,-0.55,True,Los Angeles Lakers
2009,NBA,Memphis Grizzlies,0.24,False,Memphis Grizzlies
2009,NBA,Miami Heat,0.23,True,Miami Heat
2009,NBA,Milwaukee Bucks,0.21,False,Milwaukee Bucks
2009,NBA,Minnesota Timberwolves,0.18,False,Minnesota Timberwolves
2009,NBA,New Jersey Nets,0.13,False,New Jersey Nets
2009,NBA,New Orleans Hornets,-0.14,True,New Orleans Hornets
2009,NBA,New York Knicks,0.28,False,New York Knicks
2009,NBA,Oklahoma City Thunder,0.06,False,Oklahoma City Thunder
2009,NBA,Orlando Magic,-0.21,True,Orlando Magic
2009,NBA,Philadelphia 76ers,0.09,True,Philadelphia 76ers
2009,NBA,Phoenix Suns,-0.31,False,Phoenix Suns
2009,NBA,Portland Trail Blazers,-0.35,True,Portland Trail Blazers
2009,NBA,Sacramento Kings,0.16,False,Sacramento Kings
2009,NBA,San Antonio Spurs,-0.4,True,San Antonio Spurs
2009,NBA,Toronto Raptors,0.28,False,Toronto Raptors
2009,NBA,Utah Jazz,-0.34,True,Utah Jazz
2009,NBA,Washington Wizards,0.48,False,Washington Wizards
2008,NBA,Atlanta Hawks,-0.41,True,Atlanta Hawks
2008,NBA,Boston Celtics,-0.95,True,Boston Celtics
2008,NBA,Charlotte Bobcats,-0.11,False,Charlotte Bobcats
2008,NBA,Chicago Bulls,-0.11,False,Chicago Bulls
2008,NBA,Cleveland Cavaliers,-0.17,True,Cleveland Cavaliers
2008,NBA,Dallas Mavericks,0.16,True,Dallas Mavericks
2008,NBA,Denver Nuggets,0.03,True,Denver Nuggets
2008,NBA,Detroit Pistons,-0.72,True,Detroit Pistons
2008,NBA,Golden State Warriors,0.17,False,Golden State Warriors
2008,NBA,Houston Rockets,0.15,True,Houston Rockets
2008,NBA,Indiana Pacers,-0.46,False,Indiana Pacers
2008,NBA,Los Angeles Clippers,0.71,False,Los Angeles Clippers
2008,NBA,Los Angeles Lakers,0.09,True,Los Angeles Lakers
2008,NBA,Memphis Grizzlies,0.45,False,Memphis Grizzlies
2008,NBA,Miami Heat,0.11,False,Miami Heat
2008,NBA,Milwaukee Bucks,-0.03,False,Milwaukee Bucks
2008,NBA,Minnesota Timberwolves,0.52,False,Minnesota Timberwolves
2008,NBA,New Jersey Nets,-0.09,False,New Jersey Nets
2008,NBA,New Orleans Hornets,0.18,True,New Orleans Hornets
2008,NBA,New York Knicks,0.06,False,New York Knicks
2008,NBA,Orlando Magic,-0.68,True,Orlando Magic
2008,NBA,Philadelphia 76ers,-0.23,True,Philadelphia 76ers
2008,NBA,Phoenix Suns,0.09,True,Phoenix Suns
2008,NBA,Portland Trail Blazers,0.45,False,Portland Trail Blazers
2008,NBA,Sacramento Kings,0.4,False,Sacramento Kings
2008,NBA,San Antonio Spurs,0.31,True,San Antonio Spurs
2008,NBA,Seattle SuperSonics,0.72,False,Seattle SuperSonics
2008,NBA,Toronto Raptors,-0.44,True,Toronto Raptors
2008,NBA,Utah Jazz,-0.01,True,Utah Jazz
2008,NBA,Washington Wizards,-0.28,True,Washington Wizards
2007,NBA,Atlanta Hawks,-0.1,False,Atlanta Hawks
2007,NBA,Boston Celtics,-0.29,False,Boston Celtics
2007,NBA,Charlotte Bobcats,-0.22,False,Charlotte Bobcats
2007,NBA,Chicago Bulls,-0.49,True,Chicago Bulls
2007,NBA,Cleveland Cavaliers,-0.5,True,Cleveland Cavaliers
2007,NBA,Dallas Mavericks,0.06,True,Dallas Mavericks
2007,NBA,Denver Nuggets,0.07,True,Denver Nuggets
2007,NBA,Detroit Pistons,-0.47,True,Detroit Pistons
2007,NBA,Golden State Warriors,0.34,True,Golden State Warriors
2007,NBA,Houston Rockets,0.19,True,Houston Rockets
2007,NBA,Indiana Pacers,-0.18,False,Indiana Pacers
2007,NBA,Los Angeles Clippers,0.39,False,Los Angeles Clippers
2007,NBA,Los Angeles Lakers,0.32,True,Los Angeles Lakers
2007,NBA,Memphis Grizzlies,0.71,False,Memphis Grizzlies
2007,NBA,Miami Heat,-0.29,True,Miami Heat
2007,NBA,Milwaukee Bucks,-0.06,False,Milwaukee Bucks
2007,NBA,Minnesota Timberwolves,0.51,False,Minnesota Timberwolves
2007,NBA,New Jersey Nets,-0.23,True,New Jersey Nets
2007,NBA,New Orleans/Oklahoma City Hornets,0.38,False,New Orleans/Oklahoma City Hornets
2007,NBA,New York Knicks,-0.21,False,New York Knicks
2007,NBA,Orlando Magic,-0.43,True,Orlando Magic
2007,NBA,Philadelphia 76ers,-0.23,False,Philadelphia 76ers
2007,NBA,Phoenix Suns,-0.03,True,Phoenix Suns
2007,NBA,Portland Trail Blazers,0.51,False,Portland Trail Blazers
2007,NBA,Sacramento Kings,0.46,False,Sacramento Kings
2007,NBA,San Antonio Spurs,-0.08,True,San Antonio Spurs
2007,NBA,Seattle SuperSonics,0.45,False,Seattle SuperSonics
2007,NBA,Toronto Raptors,-0.38,True,Toronto Raptors
2007,NBA,Utah Jazz,0.2,True,Utah Jazz
2007,NBA,Washington Wizards,-0.28,True,Washington Wizards
2006,NBA,Atlanta Hawks,0.07,False,Atlanta Hawks
2006,NBA,Boston Celtics,-0.05,False,Boston Celtics
2006,NBA,Charlotte Bobcats,0.1,False,Charlotte Bobcats
2006,NBA,Chicago Bulls,-0.12,True,Chicago Bulls
2006,NBA,Cleveland Cavaliers,-0.06,True,Cleveland Cavaliers
2006,NBA,Dallas Mavericks,-0.11,True,Dallas Mavericks
2006,NBA,Denver Nuggets,0.13,True,Denver Nuggets
2006,NBA,Detroit Pistons,-0.44,True,Detroit Pistons
2006,NBA,Golden State Warriors,0.25,False,Golden State Warriors
2006,NBA,Houston Rockets,0.28,False,Houston Rockets
2006,NBA,Indiana Pacers,-0.27,True,Indiana Pacers
2006,NBA,Los Angeles Clippers,0.18,True,Los Angeles Clippers
2006,NBA,Los Angeles Lakers,0.03,True,Los Angeles Lakers
2006,NBA,Memphis Grizzlies,0.05,True,Memphis Grizzlies
2006,NBA,Miami Heat,-0.27,True,Miami Heat
2006,NBA,Milwaukee Bucks,-0.04,True,Milwaukee Bucks
2006,NBA,Minnesota Timberwolves,0.13,False,Minnesota Timberwolves
2006,NBA,New Jersey Nets,-0.26,True,New Jersey Nets
2006,NBA,New Orleans/Oklahoma City Hornets,0.31,False,New Orleans/Oklahoma City Hornets
2006,NBA,New York Knicks,0.11,False,New York Knicks
2006,NBA,Orlando Magic,-0.18,False,Orlando Magic
2006,NBA,Philadelphia 76ers,-0.15,False,Philadelphia 76ers
2006,NBA,Phoenix Suns,-0.07,True,Phoenix Suns
2006,NBA,Portland Trail Blazers,0.54,False,Portland Trail Blazers
2006,NBA,Sacramento Kings,0.07,True,Sacramento Kings
2006,NBA,San Antonio Spurs,-0.13,True,San Antonio Spurs
2006,NBA,Seattle SuperSonics,0.15,False,Seattle SuperSonics
2006,NBA,Toronto Raptors,-0.04,False,Toronto Raptors
2006,NBA,Utah Jazz,0.14,False,Utah Jazz
2006,NBA,Washington Wizards,-0.29,True,Washington Wizards
2005,NBA,Atlanta Hawks,0.09,False,Atlanta Hawks
2005,NBA,Boston Celtics,-0.52,True,Boston Celtics
2005,NBA,Charlotte Bobcats,-0.16,False,Charlotte Bobcats
2005,NBA,Chicago Bulls,-0.41,True,Chicago Bulls
2005,NBA,Cleveland Cavaliers,-0.52,False,Cleveland Cavaliers
2005,NBA,Dallas Mavericks,0.11,True,Dallas Mavericks
2005,NBA,Denver Nuggets,0.2,True,Denver Nuggets
2005,NBA,Detroit Pistons,-0.55,True,Detroit Pistons
2005,NBA,Golden State Warriors,0.42,False,Golden State Warriors
2005,NBA,Houston Rockets,0.23,True,Houston Rockets
2005,NBA,Indiana Pacers,-0.27,True,Indiana Pacers
2005,NBA,Los Angeles Clippers,0.3,False,Los Angeles Clippers
2005,NBA,Los Angeles Lakers,0.64,False,Los Angeles Lakers
2005,NBA,Memphis Grizzlies,0.34,True,Memphis Grizzlies
2005,NBA,Miami Heat,-0.76,True,Miami Heat
2005,NBA,Milwaukee Bucks,-0.1,False,Milwaukee Bucks
2005,NBA,Minnesota Timberwolves,0.28,False,Minnesota Timberwolves
2005,NBA,New Jersey Nets,-0.32,True,New Jersey Nets
2005,NBA,New Orleans Hornets,0.78,False,New Orleans Hornets
2005,NBA,New York Knicks,-0.28,False,New York Knicks
2005,NBA,Orlando Magic,-0.27,False,Orlando Magic
2005,NBA,Philadelphia 76ers,-0.33,True,Philadelphia 76ers
2005,NBA,Phoenix Suns,-0.04,True,Phoenix Suns
2005,NBA,Portland Trail Blazers,0.55,False,Portland Trail Blazers
2005,NBA,Sacramento Kings,0.4,True,Sacramento Kings
2005,NBA,San Antonio Spurs,0.03,True,San Antonio Spurs
2005,NBA,Seattle SuperSonics,0.3,True,Seattle SuperSonics
2005,NBA,Toronto Raptors,-0.19,False,Toronto Raptors
2005,NBA,Utah Jazz,0.53,False,Utah Jazz
2005,NBA,Washington Wizards,-0.38,True,Washington Wizards
2004,NBA,Atlanta Hawks,-0.36,False,Atlanta Hawks
2004,NBA,Boston Celtics,-0.54,True,Boston Celtics
2004,NBA,Chicago Bulls,-0.33,False,Chicago Bulls
2004,NBA,Cleveland Cavaliers,-0.44,False,Cleveland Cavaliers
2004,NBA,Dallas Mavericks,0.42,True,Dallas Mavericks
2004,NBA,Denver Nuggets,0.58,True,Denver Nuggets
2004,NBA,Detroit Pistons,-0.81,True,Detroit Pistons
2004,NBA,Golden State Warriors,0.66,False,Golden State Warriors
2004,NBA,Houston Rockets,0.55,True,Houston Rockets
2004,NBA,Indiana Pacers,-0.82,True,Indiana Pacers
2004,NBA,Los Angeles Clippers,0.84,False,Los Angeles Clippers
2004,NBA,Los Angeles Lakers,0.45,True,Los Angeles Lakers
2004,NBA,Memphis Grizzlies,0.52,True,Memphis Grizzlies
2004,NBA,Miami Heat,-0.65,True,Miami Heat
2004,NBA,Milwaukee Bucks,-0.64,True,Milwaukee Bucks
2004,NBA,Minnesota Timberwolves,0.37,True,Minnesota Timberwolves
2004,NBA,New Jersey Nets,-0.63,True,New Jersey Nets
2004,NBA,New Orleans Hornets,-0.62,True,New Orleans Hornets
2004,NBA,New York Knicks,-0.49,True,New York Knicks
2004,NBA,Orlando Magic,-0.23,False,Orlando Magic
2004,NBA,Philadelphia 76ers,-0.46,False,Philadelphia 76ers
2004,NBA,Phoenix Suns,0.8,False,Phoenix Suns
2004,NBA,Portland Trail Blazers,0.69,False,Portland Trail Blazers
2004,NBA,Sacramento Kings,0.4,True,Sacramento Kings
2004,NBA,San Antonio Spurs,0.29,True,San Antonio Spurs
2004,NBA,Seattle SuperSonics,0.66,False,Seattle SuperSonics
2004,NBA,Toronto Raptors,-0.4,False,Toronto Raptors
2004,NBA,Utah Jazz,0.69,False,Utah Jazz
2004,NBA,Washington Wizards,-0.48,False,Washington Wizards
2003,NBA,Atlanta Hawks,-0.31,False,Atlanta Hawks
2003,NBA,Boston Celtics,-0.36,True,Boston Celtics
2003,NBA,Chicago Bulls,-0.17,False,Chicago Bulls
2003,NBA,Cleveland Cavaliers,0.04,False,Cleveland Cavaliers
2003,NBA,Dallas Mavericks,0.12,True,Dallas Mavericks
2003,NBA,Denver Nuggets,0.87,False,Denver Nuggets
2003,NBA,Detroit Pistons,-0.71,True,Detroit Pistons
2003,NBA,Golden State Warriors,0.54,False,Golden State Warriors
2003,NBA,Houston Rockets,0.42,False,Houston Rockets
2003,NBA,Indiana Pacers,-0.7,True,Indiana Pacers
2003,NBA,Los Angeles Clippers,0.68,False,Los Angeles Clippers
2003,NBA,Los Angeles Lakers,0.38,True,Los Angeles Lakers
2003,NBA,Memphis Grizzlies,0.63,False,Memphis Grizzlies
2003,NBA,Miami Heat,-0.08,False,Miami Heat
2003,NBA,Milwaukee Bucks,-0.48,True,Milwaukee Bucks
2003,NBA,Minnesota Timberwolves,0.39,True,Minnesota Timberwolves
2003,NBA,New Jersey Nets,-0.8,True,New Jersey Nets
2003,NBA,New Orleans Hornets,-0.59,True,New Orleans Hornets
2003,NBA,New York Knicks,-0.26,False,New York Knicks
2003,NBA,Orlando Magic,-0.53,True,Orlando Magic
2003,NBA,Philadelphia 76ers,-0.55,True,Philadelphia 76ers
2003,NBA,Phoenix Suns,0.43,True,Phoenix Suns
2003,NBA,Portland Trail Blazers,0.36,True,Portland Trail Blazers
2003,NBA,Sacramento Kings,0.18,True,Sacramento Kings
2003,NBA,San Antonio Spurs,0.23,True,San Antonio Spurs
2003,NBA,Seattle SuperSonics,0.49,False,Seattle SuperSonics
2003,NBA,Toronto Raptors,-0.23,False,Toronto Raptors
2003,NBA,Utah Jazz,0.37,True,Utah Jazz
2003,NBA,Washington Wizards,-0.46,False,Washington Wizards
2002,NBA,Atlanta Hawks,-0.18,False,Atlanta Hawks
2002,NBA,Boston Celtics,-0.46,True,Boston Celtics
2002,NBA,Charlotte Hornets,-0.4,True,Charlotte Hornets
2002,NBA,Chicago Bulls,0.02,False,Chicago Bulls
2002,NBA,Cleveland Cavaliers,-0.19,False,Cleveland Cavaliers
2002,NBA,Dallas Mavericks,0.16,True,Dallas Mavericks
2002,NBA,Denver Nuggets,0.63,False,Denver Nuggets
2002,NBA,Detroit Pistons,-0.45,True,Detroit Pistons
2002,NBA,Golden State Warriors,0.61,False,Golden State Warriors
2002,NBA,Houston Rockets,0.58,False,Houston Rockets
2002,NBA,Indiana Pacers,-0.34,True,Indiana Pacers
2002,NBA,Los Angeles Clippers,0.38,False,Los Angeles Clippers
2002,NBA,Los Angeles Lakers,0.03,True,Los Angeles Lakers
2002,NBA,Memphis Grizzlies,0.7,False,Memphis Grizzlies
2002,NBA,Miami Heat,-0.31,False,Miami Heat
2002,NBA,Milwaukee Bucks,-0.4,False,Milwaukee Bucks
2002,NBA,Minnesota Timberwolves,0.2,True,Minnesota Timberwolves
2002,NBA,New Jersey Nets,-0.49,True,New Jersey Nets
2002,NBA,New York Knicks,-0.16,False,New York Knicks
2002,NBA,Orlando Magic,-0.32,True,Orlando Magic
2002,NBA,Philadelphia 76ers,-0.33,True,Philadelphia 76ers
2002,NBA,Phoenix Suns,0.39,False,Phoenix Suns
2002,NBA,Portland Trail Blazers,0.22,True,Portland Trail Blazers
2002,NBA,Sacramento Kings,0.0,True,Sacramento Kings
2002,NBA,San Antonio Spurs,0.07,True,San Antonio Spurs
2002,NBA,Seattle SuperSonics,0.22,True,Seattle SuperSonics
2002,NBA,Toronto Raptors,-0.27,True,Toronto Raptors
2002,NBA,Utah Jazz,0.32,True,Utah Jazz
2002,NBA,Washington Wizards,-0.17,False,Washington Wizards
2001,NBA,Atlanta Hawks,-0.34,False,Atlanta Hawks
2001,NBA,Boston Celtics,-0.26,False,Boston Celtics
2001,NBA,Charlotte Hornets,-0.65,True,Charlotte Hornets
2001,NBA,Chicago Bulls,0.01,False,Chicago Bulls
2001,NBA,Cleveland Cavaliers,-0.23,False,Cleveland Cavaliers
2001,NBA,Dallas Mavericks,0.32,True,Dallas Mavericks
2001,NBA,Denver Nuggets,0.64,False,Denver Nuggets
2001,NBA,Detroit Pistons,-0.39,False,Detroit Pistons
2001,NBA,Golden State Warriors,0.94,False,Golden State Warriors
2001,NBA,Houston Rockets,0.42,False,Houston Rockets
2001,NBA,Indiana Pacers,-0.57,True,Indiana Pacers
2001,NBA,Los Angeles Clippers,0.66,False,Los Angeles Clippers
2001,NBA,Los Angeles Lakers,0.37,True,Los Angeles Lakers
2001,NBA,Miami Heat,-0.57,True,Miami Heat
2001,NBA,Milwaukee Bucks,-0.74,True,Milwaukee Bucks
2001,NBA,Minnesota Timberwolves,0.46,True,Minnesota Timberwolves
2001,NBA,New Jersey Nets,-0.25,False,New Jersey Nets
2001,NBA,New York Knicks,-0.65,True,New York Knicks
2001,NBA,Orlando Magic,-0.6,True,Orlando Magic
2001,NBA,Philadelphia 76ers,-0.65,True,Philadelphia 76ers
2001,NBA,Phoenix Suns,0.42,True,Phoenix Suns
2001,NBA,Portland Trail Blazers,0.33,True,Portland Trail Blazers
2001,NBA,Sacramento Kings,0.25,True,Sacramento Kings
2001,NBA,San Antonio Spurs,0.16,True,San Antonio Spurs
2001,NBA,Seattle SuperSonics,0.52,False,Seattle SuperSonics
2001,NBA,Toronto Raptors,-0.57,True,Toronto Raptors
2001,NBA,Utah Jazz,0.31,True,Utah Jazz
2001,NBA,Vancouver Grizzlies,0.79,False,Memphis Grizzlies
2001,NBA,Washington Wizards,-0.08,False,Washington Wizards
2000,NBA,Atlanta Hawks,-0.04,False,Atlanta Hawks
2000,NBA,Boston Celtics,-0.24,False,Boston Celtics
2000,NBA,Charlotte Hornets,-0.34,True,Charlotte Hornets
2000,NBA,Chicago Bulls,0.17,False,Chicago Bulls
2000,NBA,Cleveland Cavaliers,-0.14,False,Cleveland Cavaliers
2000,NBA,Dallas Mavericks,0.29,False,Dallas Mavericks
2000,NBA,Denver Nuggets,0.36,False,Denver Nuggets
2000,NBA,Detroit Pistons,-0.31,True,Detroit Pistons
2000,NBA,Golden State Warriors,0.64,False,Golden State Warriors
2000,NBA,Houston Rockets,0.3,False,Houston Rockets
2000,NBA,Indiana Pacers,-0.45,True,Indiana Pacers
2000,NBA,Los Angeles Clippers,0.8,False,Los Angeles Clippers
2000,NBA,Los Angeles Lakers,-0.14,True,Los Angeles Lakers
2000,NBA,Miami Heat,-0.36,True,Miami Heat
2000,NBA,Milwaukee Bucks,-0.28,True,Milwaukee Bucks
2000,NBA,Minnesota Timberwolves,0.14,True,Minnesota Timberwolves
2000,NBA,New Jersey Nets,-0.15,False,New Jersey Nets
2000,NBA,New York Knicks,-0.16,True,New York Knicks
2000,NBA,Orlando Magic,-0.26,False,Orlando Magic
2000,NBA,Philadelphia 76ers,-0.32,True,Philadelphia 76ers
2000,NBA,Phoenix Suns,0.02,True,Phoenix Suns
2000,NBA,Portland Trail Blazers,-0.04,True,Portland Trail Blazers
2000,NBA,Sacramento Kings,0.12,True,Sacramento Kings
2000,NBA,San Antonio Spurs,-0.02,True,San Antonio Spurs
2000,NBA,Seattle SuperSonics,0.22,True,Seattle SuperSonics
2000,NBA,Toronto Raptors,-0.3,True,Toronto Raptors
2000,NBA,Utah Jazz,0.05,True,Utah Jazz
2000,NBA,Vancouver Grizzlies,0.52,False,Vancouver Grizzlies
2000,NBA,Washington Wizards,-0.19,False,Washington Wizards
1999,NBA,Atlanta Hawks,-0.08,True,Atlanta Hawks
1999,NBA,Boston Celtics,0.11,False,Boston Celtics
1999,NBA,Charlotte Hornets,0.73,False,Charlotte Hornets
1999,NBA,Chicago Bulls,0.88,False,Chicago Bulls
1999,NBA,Cleveland Cavaliers,0.78,False,Cleveland Cavaliers
1999,NBA,Dallas Mavericks,-0.1,False,Dallas Mavericks
1999,NBA,Denver Nuggets,-0.07,False,Denver Nuggets
1999,NBA,Detroit Pistons,0.55,True,Detroit Pistons
1999,NBA,Golden State Warriors,-0.13,False,Golden State Warriors
1999,NBA,Houston Rockets,-0.93,True,Houston Rockets
1999,NBA,Indiana Pacers,0.12,True,Indiana Pacers
1999,NBA,Los Angeles Clippers,-0.12,False,Los Angeles Clippers
1999,NBA,Los Angeles Lakers,-0.35,True,Los Angeles Lakers
1999,NBA,Miami Heat,0.15,True,Miami Heat
1999,NBA,Milwaukee Bucks,0.0,True,Milwaukee Bucks
1999,NBA,Minnesota Timberwolves,-0.55,True,Minnesota Timberwolves
1999,NBA,New Jersey Nets,0.58,False,New Jersey Nets
1999,NBA,New York Knicks,0.43,True,New York Knicks
1999,NBA,Orlando Magic,0.51,True,Orlando Magic
1999,NBA,Philadelphia 76ers,0.5,True,Philadelphia 76ers
1999,NBA,Phoenix Suns,-0.11,True,Phoenix Suns
1999,NBA,Portland Trail Blazers,-0.69,True,Portland Trail Blazers
1999,NBA,Sacramento Kings,-0.47,True,Sacramento Kings
1999,NBA,San Antonio Spurs,-0.94,True,San Antonio Spurs
1999,NBA,Seattle SuperSonics,-0.35,False,Seattle SuperSonics
1999,NBA,Toronto Raptors,0.33,False,Toronto Raptors
1999,NBA,Utah Jazz,-0.99,True,Utah Jazz
1999,NBA,Vancouver Grizzlies,-0.28,False,Vancouver Grizzlies
1999,NBA,Washington Wizards,0.49,False,Washington Wizards
1998,NBA,Atlanta Hawks,0.34,True,Atlanta Hawks
1998,NBA,Boston Celtics,0.66,False,Boston Celtics
1998,NBA,Charlotte Hornets,0.45,True,Charlotte Hornets
1998,NBA,Chicago Bulls,0.13,True,Chicago Bulls
1998,NBA,Cleveland Cavaliers,0.33,True,Cleveland Cavaliers
1998,NBA,Dallas Mavericks,-0.22,False,Dallas Mavericks
1998,NBA,Denver Nuggets,0.04,False,Denver Nuggets
1998,NBA,Detroit Pistons,0.37,False,Detroit Pistons
1998,NBA,Golden State Warriors,-0.08,False,Golden State Warriors
1998,NBA,Houston Rockets,-0.47,True,Houston Rockets
1998,NBA,Indiana Pacers,0.16,True,Indiana Pacers
1998,NBA,Los Angeles Clippers,-0.16,False,Los Angeles Clippers
1998,NBA,Los Angeles Lakers,-0.87,True,Los Angeles Lakers
1998,NBA,Miami Heat,0.16,True,Miami Heat
1998,NBA,Milwaukee Bucks,0.58,False,Milwaukee Bucks
1998,NBA,Minnesota Timberwolves,-0.54,True,Minnesota Timberwolves
1998,NBA,New Jersey Nets,0.31,True,New Jersey Nets
1998,NBA,New York Knicks,0.28,True,New York Knicks
1998,NBA,Orlando Magic,0.54,False,Orlando Magic
1998,NBA,Philadelphia 76ers,0.5,False,Philadelphia 76ers
1998,NBA,Phoenix Suns,-0.75,True,Phoenix Suns
1998,NBA,Portland Trail Blazers,-0.57,True,Portland Trail Blazers
1998,NBA,Sacramento Kings,-0.25,False,Sacramento Kings
1998,NBA,San Antonio Spurs,-0.69,True,San Antonio Spurs
1998,NBA,Seattle SuperSonics,-0.84,True,Seattle SuperSonics
1998,NBA,Toronto Raptors,0.94,False,Toronto Raptors
1998,NBA,Utah Jazz,-0.81,True,Utah Jazz
1998,NBA,Vancouver Grizzlies,-0.17,False,Vancouver Grizzlies
1998,NBA,Washington Wizards,0.53,False,Washington Wizards
1997,NBA,Atlanta Hawks,0.08,True,Atlanta Hawks
1997,NBA,Boston Celtics,0.71,False,Boston Celtics
1997,NBA,Charlotte Hornets,0.26,True,Charlotte Hornets
1997,NBA,Chicago Bulls,-0.11,True,Chicago Bulls
1997,NBA,Cleveland Cavaliers,0.47,False,Cleveland Cavaliers
1997,NBA,Dallas Mavericks,-0.12,False,Dallas Mavericks
1997,NBA,Denver Nuggets,-0.12,False,Denver Nuggets
1997,NBA,Detroit Pistons,0.2,True,Detroit Pistons
1997,NBA,Golden State Warriors,-0.2,False,Golden State Warriors
1997,NBA,Houston Rockets,-0.62,True,Houston Rockets
1997,NBA,Indiana Pacers,0.52,False,Indiana Pacers
1997,NBA,Los Angeles Clippers,-0.31,True,Los Angeles Clippers
1997,NBA,Los Angeles Lakers,-0.61,True,Los Angeles Lakers
1997,NBA,Miami Heat,0.07,True,Miami Heat
1997,NBA,Milwaukee Bucks,0.51,False,Milwaukee Bucks
1997,NBA,Minnesota Timberwolves,-0.35,True,Minnesota Timberwolves
1997,NBA,New Jersey Nets,0.67,False,New Jersey Nets
1997,NBA,New York Knicks,0.18,True,New York Knicks
1997,NBA,Orlando Magic,0.28,True,Orlando Magic
1997,NBA,Philadelphia 76ers,0.65,False,Philadelphia 76ers
1997,NBA,Phoenix Suns,-0.45,True,Phoenix Suns
1997,NBA,Portland Trail Blazers,-0.61,True,Portland Trail Blazers
1997,NBA,Sacramento Kings,-0.26,False,Sacramento Kings
1997,NBA,San Antonio Spurs,-0.05,False,San Antonio Spurs
1997,NBA,Seattle SuperSonics,-0.77,True,Seattle SuperSonics
1997,NBA,Toronto Raptors,0.57,False,Toronto Raptors
1997,NBA,Utah Jazz,-0.82,True,Utah Jazz
1997,NBA,Vancouver Grizzlies,0.06,False,Vancouver Grizzlies
1997,NBA,Washington Bullets,0.15,True,Washington Wizards
1996,NBA,Atlanta Hawks,0.07,True,Atlanta Hawks
1996,NBA,Boston Celtics,0.03,False,Boston Celtics
1996,NBA,Charlotte Hornets,0.09,False,Charlotte Hornets
1996,NBA,Chicago Bulls,-0.44,True,Chicago Bulls
1996,NBA,Cleveland Cavaliers,-0.09,True,Cleveland Cavaliers
1996,NBA,Dallas Mavericks,0.19,False,Dallas Mavericks
1996,NBA,Denver Nuggets,0.09,False,Denver Nuggets
1996,NBA,Detroit Pistons,-0.05,True,Detroit Pistons
1996,NBA,Golden State Warriors,0.03,False,Golden State Warriors
1996,NBA,Houston Rockets,-0.12,True,Houston Rockets
1996,NBA,Indiana Pacers,-0.14,True,Indiana Pacers
1996,NBA,Los Angeles Clippers,0.13,False,Los Angeles Clippers
1996,NBA,Los Angeles Lakers,-0.24,True,Los Angeles Lakers
1996,NBA,Miami Heat,0.03,True,Miami Heat
1996,NBA,Milwaukee Bucks,0.38,False,Milwaukee Bucks
1996,NBA,Minnesota Timberwolves,0.22,False,Minnesota Timberwolves
1996,NBA,New Jersey Nets,0.09,False,New Jersey Nets
1996,NBA,New York Knicks,-0.08,True,New York Knicks
1996,NBA,Orlando Magic,-0.16,True,Orlando Magic
1996,NBA,Philadelphia 76ers,0.55,False,Philadelphia 76ers
1996,NBA,Phoenix Suns,-0.05,True,Phoenix Suns
1996,NBA,Portland Trail Blazers,-0.14,True,Portland Trail Blazers
1996,NBA,Sacramento Kings,0.09,True,Sacramento Kings
1996,NBA,San Antonio Spurs,-0.33,True,San Antonio Spurs
1996,NBA,Seattle SuperSonics,-0.4,True,Seattle SuperSonics
1996,NBA,Toronto Raptors,0.31,False,Toronto Raptors
1996,NBA,Utah Jazz,-0.34,True,Utah Jazz
1996,NBA,Vancouver Grizzlies,0.43,False,Vancouver Grizzlies
1996,NBA,Washington Bullets,-0.07,False,Washington Bullets
1995,NBA,Atlanta Hawks,-0.22,True,Atlanta Hawks
1995,NBA,Boston Celtics,-0.04,True,Boston Celtics
1995,NBA,Charlotte Hornets,-0.41,True,Charlotte Hornets
1995,NBA,Chicago Bulls,-0.51,True,Chicago Bulls
1995,NBA,Cleveland Cavaliers,-0.07,True,Cleveland Cavaliers
1995,NBA,Dallas Mavericks,0.51,False,Dallas Mavericks
1995,NBA,Denver Nuggets,0.11,True,Denver Nuggets
1995,NBA,Detroit Pistons,0.21,False,Detroit Pistons
1995,NBA,Golden State Warriors,0.51,False,Golden State Warriors
1995,NBA,Houston Rockets,0.2,True,Houston Rockets
1995,NBA,Indiana Pacers,-0.34,True,Indiana Pacers
1995,NBA,Los Angeles Clippers,0.73,False,Los Angeles Clippers
1995,NBA,Los Angeles Lakers,0.21,True,Los Angeles Lakers
1995,NBA,Miami Heat,-0.21,False,Miami Heat
1995,NBA,Milwaukee Bucks,0.07,False,Milwaukee Bucks
1995,NBA,Minnesota Timberwolves,0.78,False,Minnesota Timberwolves
1995,NBA,New Jersey Nets,-0.14,False,New Jersey Nets
1995,NBA,New York Knicks,-0.33,True,New York Knicks
1995,NBA,Orlando Magic,-0.62,True,Orlando Magic
1995,NBA,Philadelphia 76ers,0.01,False,Philadelphia 76ers
1995,NBA,Phoenix Suns,-0.02,True,Phoenix Suns
1995,NBA,Portland Trail Blazers,-0.02,True,Portland Trail Blazers
1995,NBA,Sacramento Kings,0.26,False,Sacramento Kings
1995,NBA,San Antonio Spurs,-0.06,True,San Antonio Spurs
1995,NBA,Seattle SuperSonics,-0.27,True,Seattle SuperSonics
1995,NBA,Utah Jazz,-0.23,True,Utah Jazz
1995,NBA,Washington Bullets,0.04,False,Washington Bullets
1994,NBA,Atlanta Hawks,-0.33,True,Atlanta Hawks
1994,NBA,Boston Celtics,0.01,False,Boston Celtics
1994,NBA,Charlotte Hornets,-0.01,False,Charlotte Hornets
1994,NBA,Chicago Bulls,-0.22,True,Chicago Bulls
1994,NBA,Cleveland Cavaliers,-0.39,True,Cleveland Cavaliers
1994,NBA,Dallas Mavericks,0.5,False,Dallas Mavericks
1994,NBA,Denver Nuggets,0.05,True,Denver Nuggets
1994,NBA,Detroit Pistons,0.33,False,Detroit Pistons
1994,NBA,Golden State Warriors,0.01,True,Golden State Warriors
1994,NBA,Houston Rockets,-0.12,True,Houston Rockets
1994,NBA,Indiana Pacers,-0.19,True,Indiana Pacers
1994,NBA,Los Angeles Clippers,0.44,False,Los Angeles Clippers
1994,NBA,Los Angeles Lakers,0.36,False,Los Angeles Lakers
1994,NBA,Miami Heat,-0.27,True,Miami Heat
1994,NBA,Milwaukee Bucks,0.24,False,Milwaukee Bucks
1994,NBA,Minnesota Timberwolves,0.38,False,Minnesota Timberwolves
1994,NBA,New Jersey Nets,-0.08,True,New Jersey Nets
1994,NBA,New York Knicks,-0.5,True,New York Knicks
1994,NBA,Orlando Magic,-0.21,True,Orlando Magic
1994,NBA,Philadelphia 76ers,0.25,False,Philadelphia 76ers
1994,NBA,Phoenix Suns,-0.17,True,Phoenix Suns
1994,NBA,Portland Trail Blazers,-0.04,True,Portland Trail Blazers
1994,NBA,Sacramento Kings,0.44,False,Sacramento Kings
1994,NBA,San Antonio Spurs,-0.21,True,San Antonio Spurs
1994,NBA,Seattle SuperSonics,-0.41,True,Seattle SuperSonics
1994,NBA,Utah Jazz,-0.12,True,Utah Jazz
1994,NBA,Washington Bullets,0.25,False,Washington Bullets
1993,NBA,Atlanta Hawks,0.2,True,Atlanta Hawks
1993,NBA,Boston Celtics,0.04,True,Boston Celtics
1993,NBA,Charlotte Hornets,0.22,True,Charlotte Hornets
1993,NBA,Chicago Bulls,-0.1,True,Chicago Bulls
1993,NBA,Cleveland Cavaliers,-0.15,True,Cleveland Cavaliers
1993,NBA,Dallas Mavericks,0.52,False,Dallas Mavericks
1993,NBA,Denver Nuggets,-0.4,False,Denver Nuggets
1993,NBA,Detroit Pistons,0.29,False,Detroit Pistons
1993,NBA,Golden State Warriors,0.05,False,Golden State Warriors
1993,NBA,Houston Rockets,-0.66,True,Houston Rockets
1993,NBA,Indiana Pacers,0.08,True,Indiana Pacers
1993,NBA,Los Angeles Clippers,-0.03,True,Los Angeles Clippers
1993,NBA,Los Angeles Lakers,0.06,True,Los Angeles Lakers
1993,NBA,Miami Heat,0.21,False,Miami Heat
1993,NBA,Milwaukee Bucks,0.47,False,Milwaukee Bucks
1993,NBA,Minnesota Timberwolves,0.16,False,Minnesota Timberwolves
1993,NBA,New Jersey Nets,-0.05,True,New Jersey Nets
1993,NBA,New York Knicks,-0.29,True,New York Knicks
1993,NBA,Orlando Magic,0.03,False,Orlando Magic
1993,NBA,Philadelphia 76ers,0.51,False,Philadelphia 76ers
1993,NBA,Phoenix Suns,-0.39,True,Phoenix Suns
1993,NBA,Portland Trail Blazers,-0.19,True,Portland Trail Blazers
1993,NBA,Sacramento Kings,0.17,False,Sacramento Kings
1993,NBA,San Antonio Spurs,-0.46,True,San Antonio Spurs
1993,NBA,Seattle SuperSonics,-0.42,True,Seattle SuperSonics
1993,NBA,Utah Jazz,-0.43,True,Utah Jazz
1993,NBA,Washington Bullets,0.55,False,Washington Bullets
1992,NBA,Atlanta Hawks,0.35,False,Atlanta Hawks
1992,NBA,Boston Celtics,-0.21,True,Boston Celtics
1992,NBA,Charlotte Hornets,0.33,False,Charlotte Hornets
1992,NBA,Chicago Bulls,-0.37,True,Chicago Bulls
1992,NBA,Cleveland Cavaliers,-0.11,True,Cleveland Cavaliers
1992,NBA,Dallas Mavericks,0.18,False,Dallas Mavericks
1992,NBA,Denver Nuggets,0.28,False,Denver Nuggets
1992,NBA,Detroit Pistons,0.01,True,Detroit Pistons
1992,NBA,Golden State Warriors,-0.14,True,Golden State Warriors
1992,NBA,Houston Rockets,-0.22,False,Houston Rockets
1992,NBA,Indiana Pacers,-0.04,True,Indiana Pacers
1992,NBA,Los Angeles Clippers,0.03,True,Los Angeles Clippers
1992,NBA,Los Angeles Lakers,0.15,True,Los Angeles Lakers
1992,NBA,Miami Heat,0.27,True,Miami Heat
1992,NBA,Milwaukee Bucks,0.26,False,Milwaukee Bucks
1992,NBA,Minnesota Timberwolves,0.2,False,Minnesota Timberwolves
1992,NBA,New Jersey Nets,0.15,True,New Jersey Nets
1992,NBA,New York Knicks,-0.22,True,New York Knicks
1992,NBA,Orlando Magic,0.4,False,Orlando Magic
1992,NBA,Philadelphia 76ers,-0.07,False,Philadelphia 76ers
1992,NBA,Phoenix Suns,-0.26,True,Phoenix Suns
1992,NBA,Portland Trail Blazers,-0.33,True,Portland Trail Blazers
1992,NBA,Sacramento Kings,0.44,False,Sacramento Kings
1992,NBA,San Antonio Spurs,-0.51,True,San Antonio Spurs
1992,NBA,Seattle SuperSonics,-0.02,True,Seattle SuperSonics
1992,NBA,Utah Jazz,-0.69,True,Utah Jazz
1992,NBA,Washington Bullets,0.11,False,Washington Bullets
1991,NBA,Atlanta Hawks,-0.05,True,Atlanta Hawks
1991,NBA,Boston Celtics,-0.6,True,Boston Celtics
1991,NBA,Charlotte Hornets,0.3,False,Charlotte Hornets
1991,NBA,Chicago Bulls,-0.53,True,Chicago Bulls
1991,NBA,Cleveland Cavaliers,0.14,False,Cleveland Cavaliers
1991,NBA,Dallas Mavericks,0.31,False,Dallas Mavericks
1991,NBA,Denver Nuggets,0.6,False,Denver Nuggets
1991,NBA,Detroit Pistons,-0.19,True,Detroit Pistons
1991,NBA,Golden State Warriors,0.09,True,Golden State Warriors
1991,NBA,Houston Rockets,-0.23,True,Houston Rockets
1991,NBA,Indiana Pacers,0.02,True,Indiana Pacers
1991,NBA,Los Angeles Clippers,0.29,False,Los Angeles Clippers
1991,NBA,Los Angeles Lakers,-0.01,True,Los Angeles Lakers
1991,NBA,Miami Heat,0.08,False,Miami Heat
1991,NBA,Milwaukee Bucks,-0.15,True,Milwaukee Bucks
1991,NBA,Minnesota Timberwolves,0.18,False,Minnesota Timberwolves
1991,NBA,New Jersey Nets,-0.02,False,New Jersey Nets
1991,NBA,New York Knicks,-0.2,True,New York Knicks
1991,NBA,Orlando Magic,0.18,False,Orlando Magic
1991,NBA,Philadelphia 76ers,-0.21,True,Philadelphia 76ers
1991,NBA,Phoenix Suns,-0.06,True,Phoenix Suns
1991,NBA,Portland Trail Blazers,-0.21,True,Portland Trail Blazers
1991,NBA,Sacramento Kings,0.51,False,Sacramento Kings
1991,NBA,San Antonio Spurs,-0.21,True,San Antonio Spurs
1991,NBA,Seattle SuperSonics,0.08,True,Seattle SuperSonics
1991,NBA,Utah Jazz,-0.15,True,Utah Jazz
1991,NBA,Washington Bullets,0.14,False,Washington Bullets
1990,NBA,Atlanta Hawks,-0.39,False,Atlanta Hawks
1990,NBA,Boston Celtics,-0.76,True,Boston Celtics
1990,NBA,Charlotte Hornets,0.81,False,Charlotte Hornets
1990,NBA,Chicago Bulls,-0.51,True,Chicago Bulls
1990,NBA,Cleveland Cavaliers,-0.31,True,Cleveland Cavaliers
1990,NBA,Dallas Mavericks,0.35,True,Dallas Mavericks
1990,NBA,Denver Nuggets,0.15,True,Denver Nuggets
1990,NBA,Detroit Pistons,-0.68,True,Detroit Pistons
1990,NBA,Golden State Warriors,0.59,False,Golden State Warriors
1990,NBA,Houston Rockets,0.24,True,Houston Rockets
1990,NBA,Indiana Pacers,-0.34,True,Indiana Pacers
1990,NBA,Los Angeles Clippers,0.59,False,Los Angeles Clippers
1990,NBA,Los Angeles Lakers,-0.04,True,Los Angeles Lakers
1990,NBA,Miami Heat,0.13,False,Miami Heat
1990,NBA,Milwaukee Bucks,-0.28,True,Milwaukee Bucks
1990,NBA,Minnesota Timberwolves,0.63,False,Minnesota Timberwolves
1990,NBA,New Jersey Nets,0.05,False,New Jersey Nets
1990,NBA,New York Knicks,-0.63,True,New York Knicks
1990,NBA,Orlando Magic,0.19,False,Orlando Magic
1990,NBA,Philadelphia 76ers,-0.75,True,Philadelphia 76ers
1990,NBA,Phoenix Suns,-0.01,True,Phoenix Suns
1990,NBA,Portland Trail Blazers,0.16,True,Portland Trail Blazers
1990,NBA,Sacramento Kings,0.65,False,Sacramento Kings
1990,NBA,San Antonio Spurs,0.09,True,San Antonio Spurs
1990,NBA,Seattle SuperSonics,0.36,False,Seattle SuperSonics
1990,NBA,Utah Jazz,0.03,True,Utah Jazz
1990,NBA,Washington Bullets,-0.27,False,Washington Bullets
1989,NBA,Atlanta Hawks,0.35,True,Atlanta Hawks
1989,NBA,Boston Celtics,0.1,True,Boston Celtics
1989,NBA,Charlotte Hornets,0.79,False,Charlotte Hornets
1989,NBA,Chicago Bulls,0.69,True,Chicago Bulls
1989,NBA,Cleveland Cavaliers,0.35,True,Cleveland Cavaliers
1989,NBA,Dallas Mavericks,-0.59,False,Dallas Mavericks
1989,NBA,Denver Nuggets,-0.78,True,Denver Nuggets
1989,NBA,Detroit Pistons,0.44,True,Detroit Pistons
1989,NBA,Golden State Warriors,-0.29,True,Golden State Warriors
1989,NBA,Houston Rockets,-0.73,True,Houston Rockets
1989,NBA,Indiana Pacers,1.17,False,Indiana Pacers
1989,NBA,Los Angeles Clippers,0.41,False,Los Angeles Clippers
1989,NBA,Los Angeles Lakers,-0.79,True,Los Angeles Lakers
1989,NBA,Miami Heat,0.1,False,Miami Heat
1989,NBA,Milwaukee Bucks,0.5,True,Milwaukee Bucks
1989,NBA,New Jersey Nets,0.66,False,New Jersey Nets
1989,NBA,New York Knicks,-0.15,True,New York Knicks
1989,NBA,Philadelphia 76ers,0.18,True,Philadelphia 76ers
1989,NBA,Phoenix Suns,-0.86,True,Phoenix Suns
1989,NBA,Portland Trail Blazers,-0.55,True,Portland Trail Blazers
1989,NBA,Sacramento Kings,0.2,False,Sacramento Kings
1989,NBA,San Antonio Spurs,-0.17,False,San Antonio Spurs
1989,NBA,Seattle SuperSonics,-0.46,True,Seattle SuperSonics
1989,NBA,Utah Jazz,-1.01,True,Utah Jazz
1989,NBA,Washington Bullets,0.39,False,Washington Bullets
1988,NBA,Atlanta Hawks,0.42,True,Atlanta Hawks
1988,NBA,Boston Celtics,0.22,True,Boston Celtics
1988,NBA,Chicago Bulls,0.35,True,Chicago Bulls
1988,NBA,Cleveland Cavaliers,0.52,True,Cleveland Cavaliers
1988,NBA,Dallas Mavericks,-0.77,True,Dallas Mavericks
1988,NBA,Denver Nuggets,-0.75,True,Denver Nuggets
1988,NBA,Detroit Pistons,0.29,True,Detroit Pistons
1988,NBA,Golden State Warriors,-0.06,False,Golden State Warriors
1988,NBA,Houston Rockets,-0.57,True,Houston Rockets
1988,NBA,Indiana Pacers,0.62,False,Indiana Pacers
1988,NBA,Los Angeles Clippers,0.07,False,Los Angeles Clippers
1988,NBA,Los Angeles Lakers,-1.03,True,Los Angeles Lakers
1988,NBA,Milwaukee Bucks,0.68,True,Milwaukee Bucks
1988,NBA,New Jersey Nets,1.13,False,New Jersey Nets
1988,NBA,New York Knicks,0.63,True,New York Knicks
1988,NBA,Philadelphia 76ers,0.65,False,Philadelphia 76ers
1988,NBA,Phoenix Suns,-0.33,False,Phoenix Suns
1988,NBA,Portland Trail Blazers,-0.94,True,Portland Trail Blazers
1988,NBA,Sacramento Kings,-0.08,False,Sacramento Kings
1988,NBA,San Antonio Spurs,-0.14,True,San Antonio Spurs
1988,NBA,Seattle SuperSonics,-0.77,True,Seattle SuperSonics
1988,NBA,Utah Jazz,-0.73,True,Utah Jazz
1988,NBA,Washington Bullets,0.61,True,Washington Bullets
1987,NBA,Atlanta Hawks,-0.05,True,Atlanta Hawks
1987,NBA,Boston Celtics,-0.08,True,Boston Celtics
1987,NBA,Chicago Bulls,0.37,True,Chicago Bulls
1987,NBA,Cleveland Cavaliers,0.63,False,Cleveland Cavaliers
1987,NBA,Dallas Mavericks,-0.77,True,Dallas Mavericks
1987,NBA,Denver Nuggets,-0.28,True,Denver Nuggets
1987,NBA,Detroit Pistons,0.07,True,Detroit Pistons
1987,NBA,Golden State Warriors,-0.2,True,Golden State Warriors
1987,NBA,Houston Rockets,-0.4,True,Houston Rockets
1987,NBA,Indiana Pacers,0.47,True,Indiana Pacers
1987,NBA,Los Angeles Clippers,0.42,False,Los Angeles Clippers
1987,NBA,Los Angeles Lakers,-0.99,True,Los Angeles Lakers
1987,NBA,Milwaukee Bucks,0.12,True,Milwaukee Bucks
1987,NBA,New Jersey Nets,0.63,False,New Jersey Nets
1987,NBA,New York Knicks,0.85,False,New York Knicks
1987,NBA,Philadelphia 76ers,0.31,True,Philadelphia 76ers
1987,NBA,Phoenix Suns,-0.19,False,Phoenix Suns
1987,NBA,Portland Trail Blazers,-0.57,True,Portland Trail Blazers
1987,NBA,Sacramento Kings,-0.12,False,Sacramento Kings
1987,NBA,San Antonio Spurs,0.01,False,San Antonio Spurs
1987,NBA,Seattle SuperSonics,-0.39,True,Seattle SuperSonics
1987,NBA,Utah Jazz,-0.36,True,Utah Jazz
1987,NBA,Washington Bullets,0.35,True,Washington Bullets
1986,NBA,Atlanta Hawks,0.22,True,Atlanta Hawks
1986,NBA,Boston Celtics,-0.36,True,Boston Celtics
1986,NBA,Chicago Bulls,0.69,True,Chicago Bulls
1986,NBA,Cleveland Cavaliers,0.68,False,Cleveland Cavaliers
1986,NBA,Dallas Mavericks,-0.4,True,Dallas Mavericks
1986,NBA,Denver Nuggets,-0.42,True,Denver Nuggets
1986,NBA,Detroit Pistons,0.27,True,Detroit Pistons
1986,NBA,Golden State Warriors,-0.14,False,Golden State Warriors
1986,NBA,Houston Rockets,-0.51,True,Houston Rockets
1986,NBA,Indiana Pacers,0.67,False,Indiana Pacers
1986,NBA,Los Angeles Clippers,0.1,False,Los Angeles Clippers
1986,NBA,Los Angeles Lakers,-0.91,True,Los Angeles Lakers
1986,NBA,Milwaukee Bucks,-0.35,True,Milwaukee Bucks
1986,NBA,New Jersey Nets,0.6,True,New Jersey Nets
1986,NBA,New York Knicks,0.79,False,New York Knicks
1986,NBA,Philadelphia 76ers,0.11,True,Philadelphia 76ers
1986,NBA,Phoenix Suns,-0.17,False,Phoenix Suns
1986,NBA,Portland Trail Blazers,-0.45,True,Portland Trail Blazers
1986,NBA,Sacramento Kings,-0.12,True,Sacramento Kings
1986,NBA,San Antonio Spurs,-0.2,True,San Antonio Spurs
1986,NBA,Seattle SuperSonics,-0.37,False,Seattle SuperSonics
1986,NBA,Utah Jazz,-0.3,True,Utah Jazz
1986,NBA,Washington Bullets,0.53,True,Washington Bullets
1985,NBA,Atlanta Hawks,0.31,False,Atlanta Hawks
1985,NBA,Boston Celtics,-0.18,True,Boston Celtics
1985,NBA,Chicago Bulls,0.34,True,Chicago Bulls
1985,NBA,Cleveland Cavaliers,0.48,True,Cleveland Cavaliers
1985,NBA,Dallas Mavericks,-0.37,True,Dallas Mavericks
1985,NBA,Denver Nuggets,-0.39,True,Denver Nuggets
1985,NBA,Detroit Pistons,0.24,True,Detroit Pistons
1985,NBA,Golden State Warriors,0.13,False,Golden State Warriors
1985,NBA,Houston Rockets,-0.34,True,Houston Rockets
1985,NBA,Indiana Pacers,0.75,False,Indiana Pacers
1985,NBA,Kansas City Kings,-0.04,False,Sacramento Kings
1985,NBA,Los Angeles Clippers,-0.07,False,Los Angeles Clippers
1985,NBA,Los Angeles Lakers,-0.87,True,Los Angeles Lakers
1985,NBA,Milwaukee Bucks,-0.16,True,Milwaukee Bucks
1985,NBA,New Jersey Nets,0.41,True,New Jersey Nets
1985,NBA,New York Knicks,0.54,False,New York Knicks
1985,NBA,Philadelphia 76ers,0.07,True,Philadelphia 76ers
1985,NBA,Phoenix Suns,-0.23,True,Phoenix Suns
1985,NBA,Portland Trail Blazers,-0.6,True,Portland Trail Blazers
1985,NBA,San Antonio Spurs,-0.29,True,San Antonio Spurs
1985,NBA,Seattle SuperSonics,0.0,False,Seattle SuperSonics
1985,NBA,Utah Jazz,-0.22,True,Utah Jazz
1985,NBA,Washington Bullets,0.42,True,Washington Bullets
1984,NBA,Atlanta Hawks,0.22,True,Atlanta Hawks
1984,NBA,Boston Celtics,-0.14,True,Boston Celtics
1984,NBA,Chicago Bulls,0.5,False,Chicago Bulls
1984,NBA,Cleveland Cavaliers,0.55,False,Cleveland Cavaliers
1984,NBA,Dallas Mavericks,-0.27,True,Dallas Mavericks
1984,NBA,Denver Nuggets,-0.17,True,Denver Nuggets
1984,NBA,Detroit Pistons,-0.06,True,Detroit Pistons
1984,NBA,Golden State Warriors,0.05,False,Golden State Warriors
1984,NBA,Houston Rockets,-0.04,False,Houston Rockets
1984,NBA,Indiana Pacers,0.57,False,Indiana Pacers
1984,NBA,Kansas City Kings,-0.15,True,Kansas City Kings
1984,NBA,Los Angeles Lakers,-0.44,True,Los Angeles Lakers
1984,NBA,Milwaukee Bucks,-0.12,True,Milwaukee Bucks
1984,NBA,New Jersey Nets,0.17,True,New Jersey Nets
1984,NBA,New York Knicks,-0.05,True,New York Knicks
1984,NBA,Philadelphia 76ers,0.2,True,Philadelphia 76ers
1984,NBA,Phoenix Suns,-0.24,True,Phoenix Suns
1984,NBA,Portland Trail Blazers,-0.42,True,Portland Trail Blazers
1984,NBA,San Antonio Spurs,-0.23,False,San Antonio Spurs
1984,NBA,San Diego Clippers,0.04,False,Los Angeles Clippers
1984,NBA,Seattle SuperSonics,-0.17,True,Seattle SuperSonics
1984,NBA,Utah Jazz,-0.32,True,Utah Jazz
1984,NBA,Washington Bullets,0.53,True,Washington Bullets
1983,NBA,Atlanta Hawks,0.23,True,Atlanta Hawks
1983,NBA,Boston Celtics,-0.01,True,Boston Celtics
1983,NBA,Chicago Bulls,0.48,False,Chicago Bulls
1983,NBA,Cleveland Cavaliers,0.66,False,Cleveland Cavaliers
1983,NBA,Dallas Mavericks,-0.29,False,Dallas Mavericks
1983,NBA,Denver Nuggets,-0.36,True,Denver Nuggets
1983,NBA,Detroit Pistons,0.24,False,Detroit Pistons
1983,NBA,Golden State Warriors,0.14,False,Golden State Warriors
1983,NBA,Houston Rockets,0.48,False,Houston Rockets
1983,NBA,Indiana Pacers,0.49,False,Indiana Pacers
1983,NBA,Kansas City Kings,-0.41,False,Kansas City Kings
1983,NBA,Los Angeles Lakers,-0.49,True,Los Angeles Lakers
1983,NBA,Milwaukee Bucks,-0.08,True,Milwaukee Bucks
1983,NBA,New Jersey Nets,0.01,True,New Jersey Nets
1983,NBA,New York Knicks,0.13,True,New York Knicks
1983,NBA,Philadelphia 76ers,-0.14,True,Philadelphia 76ers
1983,NBA,Phoenix Suns,-0.45,True,Phoenix Suns
1983,NBA,Portland Trail Blazers,-0.25,True,Portland Trail Blazers
1983,NBA,San Antonio Spurs,-0.56,True,San Antonio Spurs
1983,NBA,San Diego Clippers,0.22,False,San Diego Clippers
1983,NBA,Seattle SuperSonics,-0.33,True,Seattle SuperSonics
1983,NBA,Utah Jazz,-0.03,False,Utah Jazz
1983,NBA,Washington Bullets,0.33,False,Washington Bullets
1982,NBA,Atlanta Hawks,0.27,True,Atlanta Hawks
1982,NBA,Boston Celtics,-0.03,True,Boston Celtics
1982,NBA,Chicago Bulls,0.45,False,Chicago Bulls
1982,NBA,Cleveland Cavaliers,0.74,False,Cleveland Cavaliers
1982,NBA,Dallas Mavericks,-0.06,False,Dallas Mavericks
1982,NBA,Denver Nuggets,-0.4,True,Denver Nuggets
1982,NBA,Detroit Pistons,0.28,False,Detroit Pistons
1982,NBA,Golden State Warriors,-0.24,False,Golden State Warriors
1982,NBA,Houston Rockets,-0.36,True,Houston Rockets
1982,NBA,Indiana Pacers,0.38,False,Indiana Pacers
1982,NBA,Kansas City Kings,-0.15,False,Kansas City Kings
1982,NBA,Los Angeles Lakers,-0.5,True,Los Angeles Lakers
1982,NBA,Milwaukee Bucks,-0.1,True,Milwaukee Bucks
1982,NBA,New Jersey Nets,0.18,True,New Jersey Nets
1982,NBA,New York Knicks,0.52,False,New York Knicks
1982,NBA,Philadelphia 76ers,0.0,True,Philadelphia 76ers
1982,NBA,Phoenix Suns,-0.4,True,Phoenix Suns
1982,NBA,Portland Trail Blazers,-0.21,False,Portland Trail Blazers
1982,NBA,San Antonio Spurs,-0.52,True,San Antonio Spurs
1982,NBA,San Diego Clippers,0.34,False,San Diego Clippers
1982,NBA,Seattle SuperSonics,-0.45,True,Seattle SuperSonics
1982,NBA,Utah Jazz,0.03,False,Utah Jazz
1982,NBA,Washington Bullets,0.19,True,Washington Bullets
1981,NBA,Atlanta Hawks,0.73,False,Atlanta Hawks
1981,NBA,Boston Celtics,0.17,True,Boston Celtics
1981,NBA,Chicago Bulls,0.37,True,Chicago Bulls
1981,NBA,Cleveland Cavaliers,0.7,False,Cleveland Cavaliers
1981,NBA,Dallas Mavericks,0.07,False,Dallas Mavericks
1981,NBA,Denver Nuggets,-0.47,False,Denver Nuggets
1981,NBA,Detroit Pistons,0.74,False,Detroit Pistons
1981,NBA,Golden State Warriors,-0.23,False,Golden State Warriors
1981,NBA,Houston Rockets,-0.53,True,Houston Rockets
1981,NBA,Indiana Pacers,0.32,True,Indiana Pacers
1981,NBA,Kansas City Kings,-0.51,True,Kansas City Kings
1981,NBA,Los Angeles Lakers,-0.57,True,Los Angeles Lakers
1981,NBA,Milwaukee Bucks,-0.13,True,Milwaukee Bucks
1981,NBA,New Jersey Nets,0.87,False,New Jersey Nets
1981,NBA,New York Knicks,0.38,True,New York Knicks
1981,NBA,Philadelphia 76ers,-0.09,True,Philadelphia 76ers
1981,NBA,Phoenix Suns,-0.68,True,Phoenix Suns
1981,NBA,Portland Trail Blazers,-0.37,True,Portland Trail Blazers
1981,NBA,San Antonio Spurs,-0.7,True,San Antonio Spurs
1981,NBA,San Diego Clippers,-0.2,False,San Diego Clippers
1981,NBA,Seattle SuperSonics,-0.2,False,Seattle SuperSonics
1981,NBA,Utah Jazz,-0.1,False,Utah Jazz
1981,NBA,Washington Bullets,0.41,False,Washington Bullets
1980,NBA,Atlanta Hawks,-0.09,True,Atlanta Hawks
1980,NBA,Boston Celtics,-0.42,True,Boston Celtics
1980,NBA,Chicago Bulls,0.08,False,Chicago Bulls
1980,NBA,Cleveland Cavaliers,0.09,False,Cleveland Cavaliers
1980,NBA,Denver Nuggets,0.2,False,Denver Nuggets
1980,NBA,Detroit Pistons,0.67,False,Detroit Pistons
1980,NBA,Golden State Warriors,0.2,False,Golden State Warriors
1980,NBA,Houston Rockets,0.1,True,Houston Rockets
1980,NBA,Indiana Pacers,0.16,False,Indiana Pacers
1980,NBA,Kansas City Kings,-0.32,True,Kansas City Kings
1980,NBA,Los Angeles Lakers,-0.51,True,Los Angeles Lakers
1980,NBA,Milwaukee Bucks,-0.37,True,Milwaukee Bucks
1980,NBA,New Jersey Nets,0.19,False,New Jersey Nets
1980,NBA,New York Knicks,0.19,False,New York Knicks
1980,NBA,Philadelphia 76ers,-0.18,True,Philadelphia 76ers
1980,NBA,Phoenix Suns,-0.35,True,Phoenix Suns
1980,NBA,Portland Trail Blazers,-0.05,True,Portland Trail Blazers
1980,NBA,San Antonio Spurs,0.13,True,San Antonio Spurs
1980,NBA,San Diego Clippers,0.18,False,San Diego Clippers
1980,NBA,Seattle SuperSonics,-0.42,True,Seattle SuperSonics
1980,NBA,Utah Jazz,0.31,False,Utah Jazz
1980,NBA,Washington Bullets,0.28,True,Washington Bullets
1979,NBA,Atlanta Hawks,-0.16,True,Atlanta Hawks
1979,NBA,Boston Celtics,0.27,False,Boston Celtics
1979,NBA,Chicago Bulls,0.18,False,Chicago Bulls
1979,NBA,Cleveland Cavaliers,0.15,False,Cleveland Cavaliers
1979,NBA,Denver Nuggets,-0.04,True,Denver Nuggets
1979,NBA,Detroit Pistons,0.07,False,Detroit Pistons
1979,NBA,Golden State Warriors,0.08,False,Golden State Warriors
1979,NBA,Houston Rockets,-0.06,True,Houston Rockets
1979,NBA,Indiana Pacers,0.19,False,Indiana Pacers
1979,NBA,Kansas City Kings,-0.15,True,Kansas City Kings
1979,NBA,Los Angeles Lakers,-0.12,True,Los Angeles Lakers
1979,NBA,Milwaukee Bucks,-0.1,False,Milwaukee Bucks
1979,NBA,New Jersey Nets,0.17,True,New Jersey Nets
1979,NBA,New Orleans Jazz,0.28,False,Utah Jazz
1979,NBA,New York Knicks,0.09,False,New York Knicks
1979,NBA,Philadelphia 76ers,-0.11,True,Philadelphia 76ers
1979,NBA,Phoenix Suns,-0.15,True,Phoenix Suns
1979,NBA,Portland Trail Blazers,-0.14,True,Portland Trail Blazers
1979,NBA,San Antonio Spurs,-0.21,True,San Antonio Spurs
1979,NBA,San Diego Clippers,0.02,False,San Diego Clippers
1979,NBA,Seattle SuperSonics,-0.03,True,Seattle SuperSonics
1979,NBA,Washington Bullets,-0.24,True,Washington Bullets
